{
    "Problem": [
        {
            "Lower bound": 17589.936819566,
            "Name": "unknown",
            "Number of constraints": 671,
            "Number of nonzeros": 53301,
            "Number of objectives": 1,
            "Number of variables": 3901,
            "Sense": "maximize",
            "Upper bound": 17589.936819566
        }
    ],
    "Solution": [
        {
            "number of solutions": 1,
            "number of solutions displayed": 1
        },
        {
            "Constraint": "No values",
            "Gap": 0.0,
            "Message": null,
            "Objective": {
                "objective": {
                    "Value": 17589.936819566
                }
            },
            "Problem": {},
            "Status": "feasible",
            "Variable": {
                "f[110,114]": {
                    "Value": 3.66587254318047
                },
                "f[111,113]": {
                    "Value": 90.0
                },
                "f[111,114]": {
                    "Value": 5.0
                },
                "f[122,127]": {
                    "Value": 3.52293031566408
                },
                "f[123,125]": {
                    "Value": 0.011911852293025
                },
                "f[123,126]": {
                    "Value": 90.0
                },
                "f[123,127]": {
                    "Value": 4.98808814770697
                },
                "f[134,138]": {
                    "Value": 3.39189994044074
                },
                "f[135,136]": {
                    "Value": 0.011911852293025
                },
                "f[135,137]": {
                    "Value": 90.0
                },
                "f[135,138]": {
                    "Value": 4.98808814770697
                },
                "f[145,148]": {
                    "Value": 0.011911852293025
                },
                "f[145,149]": {
                    "Value": 0.011911852293025
                },
                "f[145,150]": {
                    "Value": 90.0
                },
                "f[145,151]": {
                    "Value": 4.97617629541395
                },
                "f[146,151]": {
                    "Value": 3.24895771292435
                },
                "f[15,17]": {
                    "Value": 85.1905896366885
                },
                "f[15,18]": {
                    "Value": 9.80941036331149
                },
                "f[158,162]": {
                    "Value": 3.09410363311495
                },
                "f[159,161]": {
                    "Value": 90.0
                },
                "f[159,162]": {
                    "Value": 5.0
                },
                "f[26,32]": {
                    "Value": 4.66646813579511
                },
                "f[27,29]": {
                    "Value": 0.011911852293025
                },
                "f[27,30]": {
                    "Value": 0.0119118522930393
                },
                "f[27,31]": {
                    "Value": 9.64264443120905
                },
                "f[27,32]": {
                    "Value": 85.3335318642049
                },
                "f[3,11]": {
                    "Value": 0.107206670637282
                },
                "f[3,16]": {
                    "Value": 0.0119118522930393
                },
                "f[3,17]": {
                    "Value": 4.80941036331149
                },
                "f[38,42]": {
                    "Value": 4.53543776057177
                },
                "f[39,40]": {
                    "Value": 0.011911852293025
                },
                "f[39,41]": {
                    "Value": 9.52352590827874
                },
                "f[39,42]": {
                    "Value": 85.4645622394282
                },
                "f[4,11]": {
                    "Value": 4.98808814770696
                },
                "f[4,7]": {
                    "Value": 0.0119118522930393
                },
                "f[4,8]": {
                    "Value": 90.0
                },
                "f[50,55]": {
                    "Value": 4.38058368076236
                },
                "f[51,53]": {
                    "Value": 0.0119118522930393
                },
                "f[51,54]": {
                    "Value": 90.0
                },
                "f[51,55]": {
                    "Value": 4.98808814770696
                },
                "f[62,66]": {
                    "Value": 4.24955330553901
                },
                "f[63,64]": {
                    "Value": 0.011911852293025
                },
                "f[63,65]": {
                    "Value": 90.0
                },
                "f[63,66]": {
                    "Value": 4.98808814770697
                },
                "f[74,77]": {
                    "Value": 0.0119118522930393
                },
                "f[74,78]": {
                    "Value": 90.0
                },
                "f[74,79]": {
                    "Value": 4.98808814770696
                },
                "f[75,79]": {
                    "Value": 4.0946992257296
                },
                "f[86,90]": {
                    "Value": 3.95175699821323
                },
                "f[87,89]": {
                    "Value": 90.0
                },
                "f[87,90]": {
                    "Value": 5.0
                },
                "f[97,101]": {
                    "Value": 0.011911852293025
                },
                "f[97,102]": {
                    "Value": 8.79690291840382
                },
                "f[97,103]": {
                    "Value": 86.1911852293032
                },
                "f[98,103]": {
                    "Value": 3.80881477069684
                },
                "s[100]": {
                    "Value": 98.8088147706968
                },
                "s[101]": {
                    "Value": 98.7969029184038
                },
                "s[102]": {
                    "Value": 90.0
                },
                "s[10]": {
                    "Value": 9.91661703394877
                },
                "s[110]": {
                    "Value": 3.66587254318047
                },
                "s[111]": {
                    "Value": 98.6658725431805
                },
                "s[112]": {
                    "Value": 98.6658725431805
                },
                "s[113]": {
                    "Value": 8.66587254318047
                },
                "s[11]": {
                    "Value": 4.82132221560452
                },
                "s[122]": {
                    "Value": 3.52293031566408
                },
                "s[123]": {
                    "Value": 98.5229303156641
                },
                "s[124]": {
                    "Value": 98.5229303156641
                },
                "s[125]": {
                    "Value": 98.5110184633711
                },
                "s[126]": {
                    "Value": 8.51101846337106
                },
                "s[12]": {
                    "Value": 4.82132221560452
                },
                "s[134]": {
                    "Value": 3.39189994044074
                },
                "s[135]": {
                    "Value": 98.3918999404407
                },
                "s[136]": {
                    "Value": 98.3799880881477
                },
                "s[137]": {
                    "Value": 8.37998808814771
                },
                "s[13]": {
                    "Value": 4.82132221560452
                },
                "s[145]": {
                    "Value": 95.0
                },
                "s[146]": {
                    "Value": 98.2489577129244
                },