{
    "Problem": [
        {
            "Lower bound": 4246.03132013232,
            "Name": "unknown",
            "Number of constraints": 832,
            "Number of nonzeros": 219236,
            "Number of objectives": 1,
            "Number of variables": 11129,
            "Sense": "maximize",
            "Upper bound": 4246.03132013232
        }
    ],
    "Solution": [
        {
            "number of solutions": 1,
            "number of solutions displayed": 1
        },
        {
            "Constraint": "No values",
            "Gap": 0.0,
            "Message": null,
            "Objective": {
                "objective": {
                    "Value": 4246.0313201323215
                }
            },
            "Problem": {},
            "Status": "optimal",
            "Variable": {
                "f[0,48]": {
                    "Value": 0.921658986175112
                },
                "f[0,49]": {
                    "Value": 3.2258064516129
                },
                "f[0,51]": {
                    "Value": 0.614439324116747
                },
                "f[1,23]": {
                    "Value": 1.22887864823344
                },
                "f[1,27]": {
                    "Value": 1.53609831029186
                },
                "f[1,29]": {
                    "Value": 1.99692780337946
                },
                "f[10,68]": {
                    "Value": 1.84331797235022
                },
                "f[10,69]": {
                    "Value": 2.91858678955454
                },
                "f[100,72]": {
                    "Value": 0.460829493087551
                },
                "f[100,73]": {
                    "Value": 3.2258064516129
                },
                "f[100,74]": {
                    "Value": 1.07526881720431
                },
                "f[103,27]": {
                    "Value": 1.68970814132104
                },
                "f[103,35]": {
                    "Value": 2.61136712749612
                },
                "f[103,9]": {
                    "Value": 0.4608294930876
                },
                "f[11,36]": {
                    "Value": 0.307219662058371
                },
                "f[11,37]": {
                    "Value": 3.2258064516129
                },
                "f[11,38]": {
                    "Value": 1.22887864823349
                },
                "f[12,29]": {
                    "Value": 1.22887864823345
                },
                "f[12,35]": {
                    "Value": 0.614439324116783
                },
                "f[12,36]": {
                    "Value": 2.91858678955453
                },
                "f[13,23]": {
                    "Value": 1.99692780337946
                },
                "f[13,9]": {
                    "Value": 2.7649769585253
                },
                "f[14,38]": {
                    "Value": 1.99692780337941
                },
                "f[14,39]": {
                    "Value": 2.76497695852535
                },
                "f[15,65]": {
                    "Value": 1.68970814132104
                },
                "f[15,66]": {
                    "Value": 3.07219662058372
                },
                "f[16,78]": {
                    "Value": 2.30414746543778
                },
                "f[16,79]": {
                    "Value": 2.45775729646698
                },
                "f[17,59]": {
                    "Value": 1.38248847926267
                },
                "f[17,60]": {
                    "Value": 3.2258064516129
                },
                "f[17,61]": {
                    "Value": 0.153609831029191
                },
                "f[2,39]": {
                    "Value": 0.460829493087556
                },
                "f[2,40]": {
                    "Value": 3.2258064516129
                },
                "f[2,41]": {
                    "Value": 1.0752688172043
                },
                "f[20,66]": {
                    "Value": 0.15360983102918
                },
                "f[20,67]": {
                    "Value": 3.2258064516129
                },
                "f[20,68]": {
                    "Value": 1.38248847926268
                },
                "f[21,86]": {
                    "Value": 0.921658986175107
                },
                "f[21,89]": {
                    "Value": 3.2258064516129
                },
                "f[21,90]": {
                    "Value": 0.614439324116752
                },
                "f[22,53]": {
                    "Value": 1.0752688172043
                },
                "f[22,54]": {
                    "Value": 3.2258064516129
                },
                "f[22,55]": {
                    "Value": 0.460829493087561
                },
                "f[24,45]": {
                    "Value": 0.768049155145927
                },
                "f[24,46]": {
                    "Value": 3.2258064516129
                },
                "f[24,47]": {
                    "Value": 0.768049155145932
                },
                "f[25,102]": {
                    "Value": 1.22887864823348
                },
                "f[26,74]": {
                    "Value": 2.15053763440859
                },
                "f[26,75]": {
                    "Value": 2.61136712749617
                },
                "f[3,44]": {
                    "Value": 2.30414746543779
                },
                "f[3,45]": {
                    "Value": 2.45775729646698
                },
                "f[33,101]": {
                    "Value": 2.76497695852534
                },
                "f[33,102]": {
                    "Value": 1.99692780337943
                },
                "f[4,47]": {
                    "Value": 2.45775729646697
                },
                "f[4,48]": {
                    "Value": 2.30414746543779
                },
                "f[5,58]": {
                    "Value": 2.91858678955453
                },
                "f[5,59]": {
                    "Value": 1.84331797235023
                },
                "f[6,42]": {
                    "Value": 0.614439324116741
                },
                "f[6,43]": {
                    "Value": 3.2258064516129
                },
                "f[6,44]": {
                    "Value": 0.921658986175117
                },
                "f[7,41]": {
                    "Value": 2.1505376344086
                },
                "f[7,42]": {
                    "Value": 2.61136712749616
                },
                "f[77,90]": {
                    "Value": 2.61136712749615
                },
                "f[77,91]": {
                    "Value": 2.15053763440861
                },
                "f[8,64]": {
                    "Value": 3.2258064516129
                },
                "f[8,65]": {
                    "Value": 1.53609831029186
                },
                "f[84,51]": {
                    "Value": 2.61136712749616
                },
                "f[84,53]": {
                    "Value": 2.15053763440861
                },
                "f[85,101]": {
                    "Value": 0.460829493087567
                },
                "f[85,91]": {
                    "Value": 1.07526881720429
                },
                "f[85,92]": {
                    "Value": 3.2258064516129
                },
                "f[87,69]": {
                    "Value": 0.307219662058365
                },
                "f[87,70]": {
                    "Value": 3.2258064516129
                },
                "f[87,71]": {
                    "Value": 1.22887864823349
                },
                "f[88,62]": {
                    "Value": 1.53609831029185
                },