{
    "Problem": [
        {
            "Lower bound": 12727.427833627,
            "Name": "unknown",
            "Number of constraints": 625,
            "Number of nonzeros": 769417,
            "Number of objectives": 1,
            "Number of variables": 10609,
            "Sense": "maximize",
            "Upper bound": 12727.427833627
        }
    ],
    "Solution": [
        {
            "number of solutions": 1,
            "number of solutions displayed": 1
        },
        {
            "Constraint": "No values",
            "Gap": 0.0,
            "Message": null,
            "Objective": {
                "objective": {
                    "Value": 12727.427833626962
                }
            },
            "Problem": {},
            "Status": "feasible",
            "Variable": {
                "f[1,31]": {
                    "Value": 90.0
                },
                "f[113,137]": {
                    "Value": 0.154854079809411
                },
                "f[115,150]": {
                    "Value": 90.0
                },
                "f[115,151]": {
                    "Value": 5.0
                },
                "f[116,151]": {
                    "Value": 3.2251340083383
                },
                "f[31,55]": {
                    "Value": 89.988088147707
                },
                "f[54,78]": {
                    "Value": 0.0119118522930108
                },
                "f[54,89]": {
                    "Value": 9.3448481238833
                },
                "f[55,79]": {
                    "Value": 9.07087552114355
                },
                "f[55,89]": {
                    "Value": 80.6551518761167
                },
                "f[7,54]": {
                    "Value": 9.36867182846932
                },
                "f[7,55]": {
                    "Value": 0.011911852293025
                },
                "f[79,113]": {
                    "Value": 8.95175699821323
                },
                "f[8,32]": {
                    "Value": 0.107206670637282
                },
                "f[8,41]": {
                    "Value": 0.0119118522930393
                },
                "f[8,42]": {
                    "Value": 0.142942227516386
                },
                "f[89,113]": {
                    "Value": 81.0482430017868
                },
                "f[89,114]": {
                    "Value": 8.66587254318047
                },
                "s[100]": {
                    "Value": 98.6658725431805
                },
                "s[101]": {
                    "Value": 98.6658725431805
                },
                "s[102]": {
                    "Value": 98.6658725431805
                },
                "s[103]": {
                    "Value": 98.6658725431805
                },
                "s[104]": {
                    "Value": 98.6658725431805
                },
                "s[105]": {
                    "Value": 98.6658725431805
                },
                "s[106]": {
                    "Value": 98.6658725431805
                },
                "s[107]": {
                    "Value": 98.6658725431805
                },
                "s[108]": {
                    "Value": 98.6658725431805
                },
                "s[109]": {
                    "Value": 98.6658725431805
                },
                "s[10]": {
                    "Value": 99.642644431209
                },
                "s[110]": {
                    "Value": 98.6658725431805
                },
                "s[111]": {
                    "Value": 98.6658725431805
                },
                "s[112]": {
                    "Value": 98.6658725431805
                },
                "s[113]": {
                    "Value": 8.82072662298988
                },
                "s[114]": {
                    "Value": 0.154854079809411
                },
                "s[115]": {
                    "Value": 95.1548540798094
                },
                "s[116]": {
                    "Value": 98.3799880881477
                },
                "s[117]": {
                    "Value": 98.3799880881477
                },
                "s[118]": {
                    "Value": 98.3799880881477
                },
                "s[119]": {
                    "Value": 98.3799880881477
                },
                "s[11]": {
                    "Value": 99.642644431209
                },
                "s[120]": {
                    "Value": 98.3799880881477
                },
                "s[121]": {
                    "Value": 98.3799880881477
                },
                "s[122]": {
                    "Value": 98.3799880881477
                },
                "s[123]": {
                    "Value": 98.3799880881477
                },
                "s[124]": {
                    "Value": 98.3799880881477
                },
                "s[125]": {
                    "Value": 98.3799880881477
                },
                "s[126]": {
                    "Value": 98.3799880881477
                },
                "s[127]": {
                    "Value": 98.3799880881477
                },
                "s[128]": {
                    "Value": 98.3799880881477
                },
                "s[129]": {
                    "Value": 98.3799880881477
                },
                "s[12]": {
                    "Value": 99.642644431209
                },
                "s[130]": {
                    "Value": 98.3799880881477
                },
                "s[131]": {
                    "Value": 98.3799880881477
                },
                "s[132]": {
                    "Value": 98.3799880881477
                },
                "s[133]": {
                    "Value": 98.3799880881477
                },
                "s[134]": {
                    "Value": 98.3799880881477
                },
                "s[135]": {
                    "Value": 98.3799880881477
                },
                "s[136]": {
                    "Value": 98.3799880881477
                },
                "s[137]": {
                    "Value": 98.2251340083383
                },
                "s[138]": {
                    "Value": 98.2251340083383
                },
                "s[139]": {
                    "Value": 98.2251340083383
                },
                "s[13]": {
                    "Value": 99.642644431209
                },
                "s[140]": {
                    "Value": 98.2251340083383
                },
                "s[141]": {
                    "Value": 98.2251340083383
                },
                "s[142]": {
                    "Value": 98.2251340083383
                },
                "s[143]": {
                    "Value": 98.2251340083383
                },
                "s[144]": {
                    "Value": 98.2251340083383
                },
                "s[145]": {
                    "Value": 98.2251340083383
                },
                "s[146]": {
                    "Value": 98.2251340083383
                },
                "s[147]": {
                    "Value": 98.2251340083383
                },
                "s[148]": {
                    "Value": 98.2251340083383
                },
                "s[149]": {
                    "Value": 98.2251340083383
                },
                "s[14]": {
                    "Value": 99.642644431209
                },
                "s[150]": {
                    "Value": 8.2251340083383
                },
                "s[15]": {
                    "Value": 99.642644431209
                },
                "s[16]": {
                    "Value": 99.642644431209
                },
                "s[17]": {
                    "Value": 99.642644431209
                },