{
    "Problem": [
        {
            "Lower bound": 2608.89357831554,
            "Name": "unknown",
            "Number of constraints": 416,
            "Number of nonzeros": 33206,
            "Number of objectives": 1,
            "Number of variables": 2861,
            "Sense": "maximize",
            "Upper bound": 2608.89357831554
        }
    ],
    "Solution": [
        {
            "number of solutions": 1,
            "number of solutions displayed": 1
        },
        {
            "Constraint": "No values",
            "Gap": 0.0,
            "Message": null,
            "Objective": {
                "objective": {
                    "Value": 2608.8935783155343
                }
            },
            "Problem": {},
            "Status": "optimal",
            "Variable": {
                "f[0,17]": {
                    "Value": 1.53609831029186
                },
                "f[0,18]": {
                    "Value": 1.68970814132105
                },
                "f[1,18]": {
                    "Value": 3.07219662058372
                },
                "f[1,19]": {
                    "Value": 0.153609831029184
                },
                "f[10,29]": {
                    "Value": 3.2258064516129
                },
                "f[11,33]": {
                    "Value": 3.2258064516129
                },
                "f[12,26]": {
                    "Value": 2.76497695852535
                },
                "f[12,27]": {
                    "Value": 0.460829493087556
                },
                "f[13,37]": {
                    "Value": 3.2258064516129
                },
                "f[14,36]": {
                    "Value": 1.99692780337942
                },
                "f[14,37]": {
                    "Value": 1.22887864823348
                },
                "f[15,33]": {
                    "Value": 0.614439324116748
                },
                "f[15,34]": {
                    "Value": 2.61136712749616
                },
                "f[16,32]": {
                    "Value": 2.30414746543779
                },
                "f[16,33]": {
                    "Value": 0.921658986175111
                },
                "f[2,24]": {
                    "Value": 3.2258064516129
                },
                "f[25,37]": {
                    "Value": 0.307219662058375
                },
                "f[25,38]": {
                    "Value": 2.91858678955453
                },
                "f[3,19]": {
                    "Value": 3.22580645161291
                },
                "f[4,34]": {
                    "Value": 8.88178419700125e-16
                },
                "f[4,35]": {
                    "Value": 3.2258064516129
                },
                "f[40,51]": {
                    "Value": 3.2258064516129
                },
                "f[41,35]": {
                    "Value": 0.460829493087563
                },
                "f[41,36]": {
                    "Value": 2.76497695852534
                },
                "f[42,27]": {
                    "Value": 1.0752688172043
                },
                "f[42,28]": {
                    "Value": 2.1505376344086
                },
                "f[43,31]": {
                    "Value": 0.768049155145935
                },
                "f[43,32]": {
                    "Value": 2.45775729646697
                },
                "f[44,30]": {
                    "Value": 2.45775729646698
                },
                "f[44,31]": {
                    "Value": 0.768049155145929
                },
                "f[45,38]": {
                    "Value": 1.84331797235024
                },
                "f[45,51]": {
                    "Value": 1.38248847926267
                },
                "f[46,31]": {
                    "Value": 3.2258064516129
                },
                "f[47,29]": {
                    "Value": 0.921658986175115
                },
                "f[47,30]": {
                    "Value": 2.30414746543778
                },
                "f[48,24]": {
                    "Value": 1.22887864823349
                },
                "f[48,26]": {
                    "Value": 1.99692780337941
                },
                "f[49,27]": {
                    "Value": 3.2258064516129
                },
                "f[5,22]": {
                    "Value": 2.91858678955453
                },
                "f[5,24]": {
                    "Value": 0.307219662058372
                },
                "f[50,51]": {
                    "Value": 0.153609831029192
                },
                "f[6,17]": {
                    "Value": 3.2258064516129
                },
                "f[7,19]": {
                    "Value": 1.38248847926267
                },
                "f[7,22]": {
                    "Value": 1.84331797235023
                },
                "f[8,28]": {
                    "Value": 2.61136712749616
                },
                "f[8,29]": {
                    "Value": 0.614439324116742
                },
                "f[9,34]": {
                    "Value": 2.15053763440861
                },
                "f[9,35]": {
                    "Value": 1.0752688172043
                },
                "s[10]": {
                    "Value": 35.4838709677419
                },
                "s[11]": {
                    "Value": 38.7096774193548
                },
                "s[12]": {
                    "Value": 41.9354838709677
                },
                "s[13]": {
                    "Value": 45.1612903225806
                },
                "s[14]": {
                    "Value": 48.3870967741935
                },
                "s[15]": {
                    "Value": 51.6129032258064
                },
                "s[16]": {
                    "Value": 54.8387096774194
                },
                "s[17]": {
                    "Value": 50.0768049155146
                },
                "s[18]": {
                    "Value": 45.3149001536098
                },
                "s[19]": {
                    "Value": 40.5529953917051
                },
                "s[1]": {
                    "Value": 6.4516129032258
                },
                "s[20]": {
                    "Value": 40.5529953917051
                },
                "s[21]": {
                    "Value": 40.5529953917051
                },
                "s[22]": {
                    "Value": 35.7910906298003
                },
                "s[23]": {
                    "Value": 35.7910906298003
                },
                "s[24]": {
                    "Value": 32.258064516129
                },
                "s[25]": {
                    "Value": 35.4838709677419
                },
                "s[26]": {
                    "Value": 32.7188940092166
                },
                "s[27]": {
                    "Value": 32.258064516129
                },
                "s[28]": {
                    "Value": 29.6466973886329
                },
                "s[29]": {
                    "Value": 25.8064516129032
                },
                "s[2]": {
                    "Value": 9.67741935483871
                },
                "s[30]": {
                    "Value": 25.8064516129032
                },
                "s[31]": {
                    "Value": 25.8064516129032
                },
                "s[32]": {
                    "Value": 23.5023041474654
                },
                "s[33]": {
                    "Value": 18.7403993855607
                },
                "s[34]": {
                    "Value": 13.9784946236559
                },
                "s[35]": {
                    "Value": 9.67741935483871
                },