{
    "Problem": [
        {
            "Lower bound": 25.5329754918699,
            "Name": "unknown",
            "Number of constraints": 416,
            "Number of nonzeros": 33206,
            "Number of objectives": 1,
            "Number of variables": 2861,
            "Sense": "maximize",
            "Upper bound": 25.5329754918699
        }
    ],
    "Solution": [
        {
            "number of solutions": 1,
            "number of solutions displayed": 1
        },
        {
            "Constraint": "No values",
            "Gap": 0.0,
            "Message": null,
            "Objective": {
                "objective": {
                    "Value": 25.532975491869905
                }
            },
            "Problem": {},
            "Status": "optimal",
            "Variable": {
                "f[0,17]": {
                    "Value": 0.0153609831029186
                },
                "f[0,18]": {
                    "Value": 0.0168970814132104
                },
                "f[1,18]": {
                    "Value": 0.0307219662058372
                },
                "f[1,19]": {
                    "Value": 0.00153609831029186
                },
                "f[10,27]": {
                    "Value": 0.010752688172043
                },
                "f[10,28]": {
                    "Value": 0.0215053763440861
                },
                "f[11,31]": {
                    "Value": 0.00768049155145931
                },
                "f[11,32]": {
                    "Value": 0.0245775729646698
                },
                "f[12,27]": {
                    "Value": 0.0322580645161291
                },
                "f[13,38]": {
                    "Value": 0.032258064516129
                },
                "f[14,37]": {
                    "Value": 0.0199692780337941
                },
                "f[14,38]": {
                    "Value": 0.0122887864823349
                },
                "f[15,35]": {
                    "Value": 0.032258064516129
                },
                "f[16,33]": {
                    "Value": 0.00614439324116742
                },
                "f[16,34]": {
                    "Value": 0.0261136712749616
                },
                "f[2,24]": {
                    "Value": 0.032258064516129
                },
                "f[23,51]": {
                    "Value": 0.00153609831029183
                },
                "f[25,38]": {
                    "Value": 0.00307219662058369
                },
                "f[25,50]": {
                    "Value": 0.0291858678955453
                },
                "f[3,19]": {
                    "Value": 0.032258064516129
                },
                "f[4,34]": {
                    "Value": 0.021505376344086
                },
                "f[4,35]": {
                    "Value": 0.010752688172043
                },
                "f[40,50]": {
                    "Value": 0.0184331797235023
                },
                "f[40,51]": {
                    "Value": 0.0138248847926268
                },
                "f[41,35]": {
                    "Value": 0.00460829493087556
                },
                "f[41,37]": {
                    "Value": 0.0276497695852535
                },
                "f[42,28]": {
                    "Value": 0.0261136712749616
                },
                "f[42,29]": {
                    "Value": 0.00614439324116745
                },
                "f[43,32]": {
                    "Value": 0.0230414746543779
                },
                "f[43,33]": {
                    "Value": 0.00921658986175117
                },
                "f[44,30]": {
                    "Value": 0.0245775729646697
                },
                "f[44,31]": {
                    "Value": 0.00768049155145928
                },
                "f[45,51]": {
                    "Value": 0.032258064516129
                },
                "f[46,31]": {
                    "Value": 0.032258064516129
                },
                "f[47,29]": {
                    "Value": 0.032258064516129
                },
                "f[48,24]": {
                    "Value": 0.0122887864823349
                },
                "f[48,26]": {
                    "Value": 0.0199692780337942
                },
                "f[49,29]": {
                    "Value": 0.00921658986175117
                },
                "f[49,30]": {
                    "Value": 0.0230414746543779
                },
                "f[5,22]": {
                    "Value": 0.0291858678955453
                },
                "f[5,24]": {
                    "Value": 0.00307219662058372
                },
                "f[6,17]": {
                    "Value": 0.032258064516129
                },
                "f[7,19]": {
                    "Value": 0.0138248847926267
                },
                "f[7,22]": {
                    "Value": 0.0184331797235023
                },
                "f[8,26]": {
                    "Value": 0.0276497695852535
                },
                "f[8,27]": {
                    "Value": 0.00460829493087556
                },
                "f[9,33]": {
                    "Value": 0.032258064516129
                },
                "s[10]": {
                    "Value": 0.354838709677419
                },
                "s[11]": {
                    "Value": 0.387096774193548
                },
                "s[12]": {
                    "Value": 0.419354838709677
                },
                "s[13]": {
                    "Value": 0.451612903225806
                },
                "s[14]": {
                    "Value": 0.483870967741935
                },
                "s[15]": {
                    "Value": 0.516129032258065
                },
                "s[16]": {
                    "Value": 0.548387096774194
                },
                "s[17]": {
                    "Value": 0.500768049155146
                },
                "s[18]": {
                    "Value": 0.453149001536098
                },
                "s[19]": {
                    "Value": 0.405529953917051
                },
                "s[1]": {
                    "Value": 0.0645161290322581
                },
                "s[20]": {
                    "Value": 0.405529953917051
                },
                "s[21]": {
                    "Value": 0.405529953917051
                },
                "s[22]": {
                    "Value": 0.357910906298003
                },
                "s[23]": {
                    "Value": 0.359447004608295
                },
                "s[24]": {
                    "Value": 0.324116743471582
                },
                "s[25]": {
                    "Value": 0.356374807987711
                },
                "s[26]": {
                    "Value": 0.328725038402458
                },
                "s[27]": {
                    "Value": 0.28110599078341
                },
                "s[28]": {
                    "Value": 0.259600614439324
                },
                "s[29]": {
                    "Value": 0.259600614439324
                },
                "s[2]": {
                    "Value": 0.0967741935483871
                },
                "s[30]": {
                    "Value": 0.259600614439324
                },
                "s[31]": {
                    "Value": 0.251920122887865
                },
                "s[32]": {
                    "Value": 0.227342549923195
                },
                "s[33]": {
                    "Value": 0.188940092165899
                },
                "s[34]": {
                    "Value": 0.141321044546851
                },
                "s[35]": {
                    "Value": 0.0983102918586789
                },